{"schema":6,"addons":[{"id":"uBlock0@raymondhill.net","icons":{"32":"https://addons.mozilla.org/user-media/addon_icons/607/607454-32.png?modified=mcrushed","64":"https://addons.mozilla.org/user-media/addon_icons/607/607454-64.png?modified=mcrushed","128":"https://addons.mozilla.org/user-media/addon_icons/607/607454-128.png?modified=mcrushed"},"name":"uBlock Origin","version":"1.38.6","sourceURI":"https://addons.mozilla.org/firefox/downloads/file/3853583/ublock_origin-1.38.6-an+fx.xpi","homepageURL":"https://github.com/gorhill/uBlock#ublock-origin","supportURL":"https://old.reddit.com/r/uBlockOrigin/","description":"Finally, an efficient wide-spectrum content blocker. Easy on CPU and memory.","fullDescription":"uBlock Origin is not an \"ad blocker\", it's a wide-spectrum content blocker with CPU and memory efficiency as a primary feature.\n\n***\n\nOut of the box, these lists of filters are loaded and enforced:\n\n- EasyList (ads)\n- Peter Lowe’s Ad server list (ads and tracking)\n- EasyPrivacy (tracking)\n- Malware domains\n\nMore lists are available for you to select if you wish:\n\n- Fanboy’s Enhanced Tracking List\n- Dan Pollock’s hosts file\n- MVPS HOSTS\n- Spam404\n- And many others\n\nAdditionally, you can point-and-click to block JavaScript locally or globally, create your own global or local rules to override entries from filter lists, and many more advanced features.\n\n***\n\nFree.\nOpen source with public license (GPLv3)\nFor users by users.\n\nIf ever you really do want to contribute something, think about the people working hard to maintain the filter lists you are using, which were made available to use by all for free.\n\n***\n\n    Documentation\n    Release notes\n    Community support @ Reddit\n    Contributors @ GitHub\n    Contributors @ Crowdin","weeklyDownloads":119469,"type":"extension","creator":{"name":"Raymond Hill","url":"https://addons.mozilla.org/en-US/firefox/user/11423598/"},"developers":[],"screenshots":[{"url":"https://addons.mozilla.org/user-media/previews/full/238/238546.png?modified=1622132421","width":1011,"height":758,"thumbnailURL":"https://addons.mozilla.org/user-media/previews/thumbs/238/238546.jpg?modified=1622132421","thumbnailWidth":533,"thumbnailHeight":400,"caption":"The popup panel: default mode"},{"url":"https://addons.mozilla.org/user-media/previews/full/238/238548.png?modified=1622132423","width":1011,"height":758,"thumbnailURL":"https://addons.mozilla.org/user-media/previews/thumbs/238/238548.jpg?modified=1622132423","thumbnailWidth":533,"thumbnailHeight":400,"caption":"The dashboard: stock filter lists"},{"url":"https://addons.mozilla.org/user-media/previews/full/238/238547.png?modified=1622132425","width":1011,"height":758,"thumbnailURL":"https://addons.mozilla.org/user-media/previews/thumbs/238/238547.jpg?modified=1622132425","thumbnailWidth":533,"thumbnailHeight":400,"caption":"The popup panel: default-deny mode"},{"url":"https://addons.mozilla.org/user-media/previews/full/238/238549.png?modified=1622132426","width":1011,"height":758,"thumbnailURL":"https://addons.mozilla.org/user-media/previews/thumbs/238/238549.jpg?modified=1622132426","thumbnailWidth":533,"thumbnailHeight":400,"caption":"The dashboard: settings"},{"url":"https://addons.mozilla.org/user-media/previews/full/238/238552.png?modified=1622132430","width":970,"height":1800,"thumbnailURL":"https://addons.mozilla.org/user-media/previews/thumbs/238/238552.jpg?modified=1622132430","thumbnailWidth":216,"thumbnailHeight":400,"caption":"The popup panel in Firefox Preview: default mode with more blocking options revealed"},{"url":"https://addons.mozilla.org/user-media/previews/full/230/230370.png?modified=1622132432","width":800,"height":600,"thumbnailURL":"https://addons.mozilla.org/user-media/previews/thumbs/230/230370.jpg?modified=1622132432","thumbnailWidth":533,"thumbnailHeight":400,"caption":"The unified logger tells you all that uBO is seeing and doing"}],"contributionURL":"","averageRating":4.7695,"reviewCount":3400,"reviewURL":"https://addons.mozilla.org/en-US/firefox/addon/ublock-origin/reviews/","updateDate":1635796890000},{"id":"addon@darkreader.org","icons":{"32":"https://addons.mozilla.org/user-media/addon_icons/855/855413-32.png?modified=7a53288d","64":"https://addons.mozilla.org/user-media/addon_icons/855/855413-64.png?modified=7a53288d","128":"https://addons.mozilla.org/user-media/addon_icons/855/855413-128.png?modified=7a53288d"},"name":"Dark Reader","version":"4.9.39","sourceURI":"https://addons.mozilla.org/firefox/downloads/file/3847766/dark_reader-4.9.39-an+fx.xpi","homepageURL":"https://darkreader.org/","supportURL":"https://github.com/darkreader/darkreader","description":"Dark mode for every website. Take care of your eyes, use dark theme for night and daily browsing.","fullDescription":"This eye-care extension enables night mode creating dark themes for websites on the fly. Dark Reader inverts bright colors making them high contrast and easy to read at night.\n\nYou can adjust brightness, contrast, sepia filter, dark mode, font settings and ignore-list.\n\nDark Reader doesn't show ads and doesn't send user's data anywhere. It is fully open-source https://github.com/darkreader/darkreader\n\nBefore you install disable similar extensions. Enjoy watching!","weeklyDownloads":23601,"type":"extension","creator":{"name":"Alexander Shutau","url":"https://addons.mozilla.org/en-US/firefox/user/13299734/"},"developers":[],"screenshots":[{"url":"https://addons.mozilla.org/user-media/previews/full/201/201069.png?modified=1622132776","width":2400,"height":1500,"thumbnailURL":"https://addons.mozilla.org/user-media/previews/thumbs/201/201069.jpg?modified=1622132776","thumbnailWidth":533,"thumbnailHeight":333,"caption":"Dark Reader night theme mode"},{"url":"https://addons.mozilla.org/user-media/previews/full/201/201070.png?modified=1622132783","width":2400,"height":1500,"thumbnailURL":"https://addons.mozilla.org/user-media/previews/thumbs/201/201070.jpg?modified=1622132783","thumbnailWidth":533,"thumbnailHeight":333,"caption":"Dark Reader filter settings"}],"contributionURL":"https://opencollective.com/darkreader?utm_content=product-page-contribute&utm_medium=referral&utm_source=addons.mozilla.org","averageRating":4.5626,"reviewCount":1274,"reviewURL":"https://addons.mozilla.org/en-US/firefox/addon/darkreader/reviews/","updateDate":1633338221000},{"id":"langpack-en-US@firefox.mozilla.org","icons":{"32":"https://addons.mozilla.org/static-server/img/addon-icons/default-32.png?v=20210601","64":"https://addons.mozilla.org/static-server/img/addon-icons/default-64.png?v=20210601","128":"https://addons.mozilla.org/static-server/img/addon-icons/default-128.png?v=20210601"},"name":"English (US) Language Pack","version":"95.0buildid20211101.163752","sourceURI":"https://addons.mozilla.org/firefox/downloads/file/3861538/english_us_language_pack-95.0buildid20211101.163752-fx.xpi","homepageURL":null,"supportURL":null,"description":"The en-US language pack for Firefox.","fullDescription":null,"weeklyDownloads":1854,"type":"locale","creator":{"name":"Mozilla Firefox","url":"https://addons.mozilla.org/en-US/firefox/user/4757633/"},"developers":[],"screenshots":[{"url":"https://addons.mozilla.org/user-media/previews/full/82/82158.png?modified=1622132348","width":656,"height":525,"thumbnailURL":"https://addons.mozilla.org/user-media/previews/thumbs/82/82158.jpg?modified=1622132348","thumbnailWidth":500,"thumbnailHeight":400}],"contributionURL":"","averageRating":4.1773,"reviewCount":106,"reviewURL":"https://addons.mozilla.org/en-US/firefox/addon/english-us-language-pack/reviews/","updateDate":1635800492000},{"id":"@unitedstatesenglishdictionary","icons":{"32":"https://addons.mozilla.org/user-media/addon_icons/677/677644-32.png?modified=1602453073","64":"https://addons.mozilla.org/user-media/addon_icons/677/677644-64.png?modified=1602453073","128":"https://addons.mozilla.org/user-media/addon_icons/677/677644-128.png?modified=1602453073"},"name":"English United States Dictionary","version":"78.0","sourceURI":"https://addons.mozilla.org/firefox/downloads/file/3658646/english_united_states_dictionary-78.0.xpi","homepageURL":null,"supportURL":"http://www.jorgk.com","description":"English United States (en-US) Dictionary as shipped with Firefox 78 ESR.","fullDescription":"This add-on provides the Mozilla-maintained Hunspell US English dictionary that is shipped with Firefox 78 ESR as an add-on for localized versions of Firefox.\n\nIt is based on the SCOWL (and friends) \"normal\" dictionary size with accented words (like \"café\"), common variants, \"hacker\" terms and Roman numerals.\n\nIt also has additional 2500 Mozilla-added proper names and 37 Mozilla-specific terms.\n\nThis dictionary is different from the \"other\" US English dictionary provided on the AMO site which is no longer maintained. The \"other\" dictionary uses the \"large\" SCOWL size (\"size 70\") and also contains accented words and common variants. This and the other dictionary are both an excellent choice depending on your needs.\n\nSummarising:\n\n    This add-on which is the Mozilla-distributed dictionary: \"Normal\" size, accented words, common variants, additional 2500 proper names, 37 Mozilla-specific terms.\n    The other add-on: \"Large\" size, accented words, common variants.\n\n\nNote: This add-on has changed. Before it distributed the \"large\" SCOWL dictionary, but since the other add-on has now switched to the same, it now distributes the Mozilla dictionary instead.","weeklyDownloads":1425,"type":"dictionary","creator":{"name":"Jorg K","url":"https://addons.mozilla.org/en-US/firefox/user/6190978/"},"developers":[],"screenshots":[{"url":"https://addons.mozilla.org/user-media/previews/full/233/233966.png?modified=1622132377","width":540,"height":260,"thumbnailURL":"https://addons.mozilla.org/user-media/previews/thumbs/233/233966.jpg?modified=1622132377","thumbnailWidth":533,"thumbnailHeight":257,"caption":"Use the context menu to enable spellcheck and select a dictionary"}],"contributionURL":"","averageRating":4.5085,"reviewCount":13,"reviewURL":"https://addons.mozilla.org/en-US/firefox/addon/us-english-dictionary/reviews/","updateDate":1602453313000},{"id":"{28395261-3641-4b20-a7c9-5dd2c5e11e42}","icons":{"32":"https://addons.mozilla.org/static-server/img/addon-icons/default-32.png?v=20210601","64":"https://addons.mozilla.org/static-server/img/addon-icons/default-64.png?v=20210601","128":"https://addons.mozilla.org/static-server/img/addon-icons/default-128.png?v=20210601"},"name":"Animated Kitty Dark Mode","version":"2.0","sourceURI":"https://addons.mozilla.org/firefox/downloads/file/3564347/animated_kitty_dark_mode-2.0-an+fx.xpi","homepageURL":null,"supportURL":null,"description":"Your same favorite kitty now in dark mode :D","fullDescription":null,"weeklyDownloads":255,"type":"theme","creator":{"name":"nimbus689","url":"https://addons.mozilla.org/en-US/firefox/user/14753382/"},"developers":[],"screenshots":[{"url":"https://addons.mozilla.org/user-media/version-previews/full/3816/3816768.png?modified=1623029413","width":680,"height":92,"thumbnailURL":"https://addons.mozilla.org/user-media/version-previews/thumbs/3816/3816768.png?modified=1623029413","thumbnailWidth":473,"thumbnailHeight":64},{"url":"https://addons.mozilla.org/user-media/version-previews/full/3816/3816770.svg?modified=1623029413","width":720,"height":92,"thumbnailURL":"https://addons.mozilla.org/user-media/version-previews/thumbs/3816/3816770.jpg?modified=1623029413","thumbnailWidth":720,"thumbnailHeight":92}],"contributionURL":"https://paypal.me/nimbus689?utm_content=product-page-contribute&utm_medium=referral&utm_source=addons.mozilla.org","averageRating":4.7308,"reviewCount":1,"reviewURL":"https://addons.mozilla.org/en-US/firefox/addon/animated-kitty-dark-mode/reviews/","updateDate":1588799018000}]}