{"defaultHandlersVersion":{"de":4,"en-US":4},"mimeTypes":{"application/pdf":{"action":2,"extensions":["pdf"],"ask":true},"text/xml":{"action":2,"extensions":["xml","xsl","xbl"],"ask":true},"image/svg+xml":{"action":2,"extensions":["svg"],"ask":true},"image/webp":{"action":2,"extensions":["webp"],"ask":true},"image/avif":{"action":2,"extensions":["avif"],"ask":true}},"schemes":{"irc":{"stubEntry":true,"handlers":[null,{"name":"Mibbit","uriTemplate":"https://www.mibbit.com/?url=%s"}]},"ircs":{"stubEntry":true,"handlers":[null,{"name":"Mibbit","uriTemplate":"https://www.mibbit.com/?url=%s"}]},"mailto":{"handlers":[null,{"name":"Yahoo! Mail","uriTemplate":"https://compose.mail.yahoo.com/?To=%s"},{"name":"Gmail","uriTemplate":"https://mail.google.com/mail/?extsrc=mailto&url=%s"}],"action":2,"ask":true}}}