{"experiments":{"bug-1727384-pref-impact-study-for-total-cookie-protection-tcp-release-91-95":{"slug":"bug-1727384-pref-impact-study-for-total-cookie-protection-tcp-release-91-95","actionName":"PreferenceExperimentAction","branch":"noop","expired":true,"lastSeen":"2021-11-02T19:07:52.270Z","preferences":{"browser.search.param.google_channel_us":{"preferenceType":"string","preferenceValue":"nus5","preferenceBranchType":"default","previousPreferenceValue":null},"browser.search.param.google_channel_row":{"preferenceType":"string","preferenceValue":"nrow5","preferenceBranchType":"default","previousPreferenceValue":null}},"experimentType":"exp","userFacingName":"Impact study for Total Cookie Protection (TCP)","userFacingDescription":"This study is examining the effects of Total Cookie Protection (TCP).","enrollmentId":"__NO_ENROLLMENT_ID__"}}}